{"cameraMode":{"drawMode":0,"name":"Shaded","section":"Shading Mode"},"sceneLighting":true,"audioPlay":false,"sceneViewState":{"m_AlwaysRefresh":false,"showFog":true,"showSkybox":true,"showFlares":true,"showImageEffects":true,"showParticleSystems":true,"showVisualEffectGraphs":true,"m_FxEnabled":true},"in2DMode":false,"pivot":{"x":532.9072875976563,"y":212.4756622314453,"z":1.9591903686523438},"rotation":{"x":-0.0002825933916028589,"y":-0.9996296763420105,"z":0.024894123896956445,"w":-0.011701964773237706},"size":365.8789367675781,"orthographic":true}