{"cameraMode":{"drawMode":0,"name":"Shaded","section":"Shading Mode"},"sceneLighting":true,"audioPlay":false,"sceneViewState":{"m_AlwaysRefresh":false,"showFog":true,"showSkybox":true,"showFlares":true,"showImageEffects":true,"showParticleSystems":true,"showVisualEffectGraphs":true,"m_FxEnabled":true},"in2DMode":false,"pivot":{"x":-0.23724019527435304,"y":0.40559470653533938,"z":0.39417535066604617},"rotation":{"x":0.14591586589813233,"y":-0.08621663600206375,"z":0.012763166800141335,"w":0.9854660630226135},"size":1.8081130981445313,"orthographic":true}