{"cameraMode":{"drawMode":0,"name":"Shaded","section":"Shading Mode"},"sceneLighting":true,"audioPlay":false,"sceneViewState":{"m_AlwaysRefresh":false,"showFog":true,"showSkybox":true,"showFlares":true,"showImageEffects":true,"showParticleSystems":true,"showVisualEffectGraphs":true,"m_FxEnabled":true},"in2DMode":false,"pivot":{"x":3.2815346717834474,"y":0.1048206090927124,"z":-0.5508110523223877},"rotation":{"x":-0.024765752255916597,"y":0.34624984860420229,"z":-0.009136258624494076,"w":-0.937776505947113},"size":6.585899829864502,"orthographic":true}